"0","calcular_porcentaje_na_por_columna <- function(dataframe) {"
"0","  # Verificar si la entrada es un dataframe"
"0","  if (!is.data.frame(dataframe)) {"
"0","    stop(""La entrada debe ser un dataframe."")"
"0","  }"
"0",""
"0","  # Obtener el número total de registros (filas) en el dataframe"
"0","  total_registros <- nrow(dataframe)"
"0",""
"0","  # Si el dataframe está vacío, no hay NAs que contar"
"0","  if (total_registros == 0) {"
"0","    message(""El dataframe no tiene registros."")"
"0","    return(data.frame("
"0","      Columna = character(0),"
"0","      NA_Count = numeric(0),"
"0","      NA_Porcentaje = numeric(0)"
"0","    ))"
"0","  }"
"0",""
"0","  # Calcular el número de NAs por columna"
"0","  na_count_por_columna <- colSums(is.na(dataframe))"
"0",""
"0","  # Calcular el porcentaje de NAs por columna"
"0","  # Usamos pmax(1, total_registros) para evitar división por cero si total_registros es 0,"
"0","  na_porcentaje_por_columna <- (na_count_por_columna / total_registros) * 100"
"0",""
"0","  # Crear un dataframe con los resultados"
"0","  resultados_na <- data.frame("
"0","    Columna = names(PD),"
"0","    NA_Count = na_count_por_columna,"
"0","    NA_Porcentaje = round(na_porcentaje_por_columna, 2) # Redondear a 2 decimales"
"0","  )"
"0",""
"0"," return(resultados_na)"
"0","  "
"0","}"
"0","calcular_porcentaje_na_por_columna(PD)"
