{"chunk_definitions":[{"row":34,"row_count":1,"visible":true,"expansion_state":0,"options":{"engine":"r","label":"unnamed-chunk-1","dev":"png"},"document_id":"42184AAB","chunk_id":"c7xqm8zgzrckf","chunk_label":"unnamed-chunk-1"},{"row":43,"row_count":1,"visible":true,"expansion_state":0,"options":{"engine":"r","warning":false,"label":"unnamed-chunk-2","dev":"png"},"document_id":"42184AAB","chunk_id":"c8h4re1v9u6fc","chunk_label":"unnamed-chunk-2"},{"row":51,"row_count":1,"visible":true,"expansion_state":0,"options":{"engine":"r","label":"unnamed-chunk-3","dev":"png"},"document_id":"42184AAB","chunk_id":"cn4rqp5dpopkl","chunk_label":"unnamed-chunk-3"},{"row":57,"row_count":1,"visible":true,"expansion_state":0,"options":{"engine":"r","label":"unnamed-chunk-4","dev":"png"},"document_id":"42184AAB","chunk_id":"ckx40keijbeu3","chunk_label":"unnamed-chunk-4"},{"row":71,"row_count":1,"visible":true,"expansion_state":0,"options":{"engine":"r","label":"unnamed-chunk-6","dev":"png"},"document_id":"42184AAB","chunk_id":"c5t7kj2fmdgpt","chunk_label":"unnamed-chunk-5"},{"row":81,"row_count":1,"visible":true,"expansion_state":0,"options":{"engine":"r","label":"unnamed-chunk-7","dev":"png"},"document_id":"42184AAB","chunk_id":"caf8o1u6t783l","chunk_label":"unnamed-chunk-6"},{"row":86,"row_count":1,"visible":true,"expansion_state":0,"options":{"engine":"r","label":"unnamed-chunk-8","dev":"png"},"document_id":"42184AAB","chunk_id":"ckfrjfhu1waw9","chunk_label":"unnamed-chunk-7"},{"row":119,"row_count":1,"visible":true,"expansion_state":0,"options":{"engine":"r","label":"unnamed-chunk-9","dev":"png"},"document_id":"42184AAB","chunk_id":"crime4t5d9lv5","chunk_label":"unnamed-chunk-8"},{"row":129,"row_count":1,"visible":true,"expansion_state":0,"options":{"engine":"r","label":"unnamed-chunk-10","dev":"png"},"document_id":"42184AAB","chunk_id":"ci2047k83jsj0","chunk_label":"unnamed-chunk-9"},{"row":146,"row_count":1,"visible":true,"expansion_state":0,"options":{"engine":"r","label":"unnamed-chunk-11","dev":"png"},"document_id":"42184AAB","chunk_id":"cemlnpmz3xes6","chunk_label":"unnamed-chunk-10"},{"row":163,"row_count":1,"visible":true,"expansion_state":0,"options":{"engine":"r","label":"unnamed-chunk-12","dev":"png"},"document_id":"42184AAB","chunk_id":"c5wg5s9ilwgyt","chunk_label":"unnamed-chunk-11"},{"row":209,"row_count":1,"visible":true,"expansion_state":0,"options":{"engine":"r","label":"unnamed-chunk-18","dev":"png"},"document_id":"42184AAB","chunk_id":"cuwnfbc0ffufl","chunk_label":"unnamed-chunk-12"},{"row":227,"row_count":1,"visible":true,"expansion_state":0,"options":{"engine":"r","label":"unnamed-chunk-20","dev":"png"},"document_id":"42184AAB","chunk_id":"cj6za7jarymxv","chunk_label":"unnamed-chunk-13"},{"row":238,"row_count":1,"visible":true,"expansion_state":0,"options":{"engine":"r","label":"unnamed-chunk-23","dev":"png"},"document_id":"42184AAB","chunk_id":"cusd30uvhasrb","chunk_label":"unnamed-chunk-14"},{"row":245,"row_count":1,"visible":true,"expansion_state":0,"options":{"engine":"r","label":"unnamed-chunk-16","dev":"png"},"document_id":"42184AAB","chunk_id":"c46uya4j23zdj","chunk_label":"unnamed-chunk-15"}],"doc_write_time":1748654409,"chunk_rendered_width":661}