{"chunk_definitions":[{"row":32,"row_count":1,"visible":true,"expansion_state":0,"options":{"engine":"r","label":"unnamed-chunk-1","dev":"png"},"document_id":"42184AAB","chunk_id":"c7xqm8zgzrckf","chunk_label":"unnamed-chunk-1"},{"row":41,"row_count":1,"visible":true,"expansion_state":0,"options":{"engine":"r","warning":false,"label":"unnamed-chunk-2","dev":"png"},"document_id":"42184AAB","chunk_id":"c8h4re1v9u6fc","chunk_label":"unnamed-chunk-2"},{"row":49,"row_count":1,"visible":true,"expansion_state":0,"options":{"engine":"r","label":"unnamed-chunk-3","dev":"png"},"document_id":"42184AAB","chunk_id":"cn4rqp5dpopkl","chunk_label":"unnamed-chunk-3"},{"row":55,"row_count":1,"visible":true,"expansion_state":0,"options":{"engine":"r","label":"unnamed-chunk-4","dev":"png"},"document_id":"42184AAB","chunk_id":"ckx40keijbeu3","chunk_label":"unnamed-chunk-4"},{"row":69,"row_count":1,"visible":true,"expansion_state":0,"options":{"engine":"r","label":"unnamed-chunk-5","dev":"png"},"document_id":"42184AAB","chunk_id":"c5t7kj2fmdgpt","chunk_label":"unnamed-chunk-5"},{"row":78,"row_count":1,"visible":true,"expansion_state":0,"options":{"engine":"r","label":"unnamed-chunk-6","dev":"png"},"document_id":"42184AAB","chunk_id":"caf8o1u6t783l","chunk_label":"unnamed-chunk-6"},{"row":83,"row_count":1,"visible":true,"expansion_state":0,"options":{"engine":"r","label":"unnamed-chunk-7","dev":"png"},"document_id":"42184AAB","chunk_id":"ckfrjfhu1waw9","chunk_label":"unnamed-chunk-7"},{"row":116,"row_count":1,"visible":true,"expansion_state":0,"options":{"engine":"r","label":"unnamed-chunk-7","dev":"png"},"document_id":"42184AAB","chunk_id":"crime4t5d9lv5","chunk_label":"unnamed-chunk-8"},{"row":126,"row_count":1,"visible":true,"expansion_state":0,"options":{"engine":"r","label":"unnamed-chunk-9","dev":"png"},"document_id":"42184AAB","chunk_id":"ci2047k83jsj0","chunk_label":"unnamed-chunk-9"},{"row":143,"row_count":1,"visible":true,"expansion_state":0,"options":{"engine":"r","label":"unnamed-chunk-10","dev":"png"},"document_id":"42184AAB","chunk_id":"cemlnpmz3xes6","chunk_label":"unnamed-chunk-10"},{"row":160,"row_count":1,"visible":true,"expansion_state":0,"options":{"engine":"r","label":"unnamed-chunk-11","dev":"png"},"document_id":"42184AAB","chunk_id":"c5wg5s9ilwgyt","chunk_label":"unnamed-chunk-11"},{"row":212,"row_count":1,"visible":true,"expansion_state":0,"options":{"engine":"r","label":"unnamed-chunk-12","dev":"png"},"document_id":"42184AAB","chunk_id":"cuwnfbc0ffufl","chunk_label":"unnamed-chunk-12"},{"row":230,"row_count":1,"visible":true,"expansion_state":0,"options":{"engine":"r","label":"unnamed-chunk-6","dev":"png"},"document_id":"42184AAB","chunk_id":"cj6za7jarymxv","chunk_label":"unnamed-chunk-13"},{"row":241,"row_count":1,"visible":true,"expansion_state":0,"options":{"engine":"r","label":"unnamed-chunk-14","dev":"png"},"document_id":"42184AAB","chunk_id":"cusd30uvhasrb","chunk_label":"unnamed-chunk-14"},{"row":247,"row_count":1,"visible":true,"expansion_state":0,"options":{"engine":"r","label":"unnamed-chunk-15","dev":"png"},"document_id":"42184AAB","chunk_id":"c46uya4j23zdj","chunk_label":"unnamed-chunk-15"}],"doc_write_time":1748616920}