"0","# DE VARIABLE EV02 CALCULAMOS SU COEFICIENTE DE VARIANZA PARA EVALUAR SU GRADO DE       "
"0","# DISPERSION"
"0","s <- sd(PD$EV.02, na.rm = TRUE) #Calcula la desviacion estandar de variable EV02"
"0","m <- mean(PD$EV.02, na.rm=TRUE) #Calcula la media de variable EV02"
"0","CV <- (s/m) *100 #Calcula coeficiente de variacion de variable EV02"
"0","CV"
"1","[1] 23.01957
"
"0","#El valor del coeficiente de variación de 23 indica una variabilidad moderada en los #datos, pero no es lo suficientemente alto como para considerarlos altamente #heterogéneos.Se puede indicar que CV de 23 sugiere que la media aritmética es una #medida de tendencia central razonable, aunque no tan representativa como con un CV más #bajo"
